--Modelis
INSERT INTO kajo0241.Modelis VALUES('VW Golf MK5', 'VW', 'Benzinas', 90, 200);
INSERT INTO kajo0241.Modelis VALUES('Almera', 'Nissan', 'Benzinas', 62, 170);
INSERT INTO kajo0241.Modelis VALUES('Almera D', 'Nissan', 'Dyzelis', 75, 200);
INSERT INTO kajo0241.Modelis VALUES('Civic', 'Honda', 'Dyzelis', 75, 200);
INSERT INTO kajo0241.Modelis VALUES('Panda', 'Fiat', 'Benzinas', 62, 170);

--Automobilis
INSERT INTO kajo0241.Automobilis VALUES('CAT666', 'VW Golf MK5', 'Juoda', 2002, 100, 11000);
INSERT INTO kajo0241.Automobilis VALUES('KAR100', 'VW Golf MK5', 'Melyna', 2001, 100, 10000);
INSERT INTO kajo0241.Automobilis VALUES('PFF001', 'VW Golf MK5', 'Juoda', 2003, 120, 12000);
INSERT INTO kajo0241.Automobilis VALUES('HEH002', 'VW Golf MK5', 'Balta', 2002, 100, 10000);
INSERT INTO kajo0241.Automobilis VALUES('MYCAR1', 'Almera', 'Melyna', 2002, 100, 11000);
INSERT INTO kajo0241.Automobilis VALUES('BOS111', 'Almera D', 'Melyna', 2005, 150, 17000);
INSERT INTO kajo0241.Automobilis VALUES('CRP111', 'Civic', 'Melyna', 2003, 110, 11000);
INSERT INTO kajo0241.Automobilis VALUES('ABC123', 'Panda', 'Raudona', 2006, 130, 18000);

--Klientas
INSERT INTO kajo0241.Klientas VALUES('36912030044', 'Petras', 'Petraitis', '869000123');
INSERT INTO kajo0241.Klientas VALUES('46912030014', 'Onytė', 'Petraitytė', '869045123');
INSERT INTO kajo0241.Klientas VALUES('37212050024', 'Jonas', 'Jonaitis', '865200123');
INSERT INTO kajo0241.Klientas VALUES('38211030034', 'Juozas', 'Juozaitis', '869045123');
INSERT INTO kajo0241.Klientas VALUES('48512030054', 'Birutė', 'Pabirutė', '869099123');
INSERT INTO kajo0241.Klientas VALUES('36810041154', 'Petras', 'Jonaitis', '869011123');
INSERT INTO kajo0241.Klientas VALUES('37212130044', 'Jonas', 'Petraitis', '869022123');

--Nuoma
INSERT INTO kajo0241.Nuoma VALUES(DEFAULT, 'CRP111', '2012-12-03','2012-12-05', 220,'36912030044');
INSERT INTO kajo0241.Nuoma VALUES(DEFAULT, 'CRP111', '2012-12-05','2012-12-09', 440,'46912030014');
INSERT INTO kajo0241.Nuoma VALUES(DEFAULT, 'ABC123', '2012-12-01','2012-12-03', 390,'37212050024');
INSERT INTO kajo0241.Nuoma VALUES(DEFAULT, 'MYCAR1', '2012-12-01','2012-12-03', 300,'38211030034');
INSERT INTO kajo0241.Nuoma VALUES(DEFAULT, 'CAT666', '2012-12-02','2012-12-03', 200,'48512030054');
INSERT INTO kajo0241.Nuoma VALUES(DEFAULT, 'KAR100', '2012-12-02','2012-12-10', 200,'36810041154');
INSERT INTO kajo0241.Nuoma VALUES(DEFAULT, 'PFF001', '2012-12-02','2012-12-09', 200,'37212130044');
INSERT INTO kajo0241.Nuoma VALUES(DEFAULT, 'HEH002', '2012-12-02','2012-12-03', 200,'37212130044');
